{"train/loss":2.3040308952331543,"_timestamp":1.7459452106111376e+09,"val/loss":2.301097238063812,"_wandb":{"runtime":146},"_runtime":146.702603595,"_step":590}