{"_step":590,"train/loss":2.3037354946136475,"val/loss":2.3010218024253843,"_wandb":{"runtime":159},"_timestamp":1.7459450573977852e+09,"_runtime":159.432674287}